Maschine;Mode;Produkt;Strom / A;Drehmoment / Nm;Drehzahl / 1/min;Temp Umgebung / degC;Temp Umrichter / degC;Temp Werkzeug / degC;Bearbeitungszeit / s
A;2;Y;22,782;51,79;1461;18,7;23,1;98,7;23,8
A;1;Y;19,793;45,03;1460;21;21,5;87,5;25,3
C;3;X;25,581;52;1463;19,9;21,8;98,1;19,9
C;3;Y;28,145;57,3;1461;20,7;25,4;109,7;22,3
C;2;Y;25,544;51,84;1466;19;24,1;100,8;23,8
A;2;X;21,426;48,64;1463;21,5;23,3;95,1;21,4
B;2;Y;22,786;50,92;1462;20,9;22,8;98,2;24,8
C;2;X;23,021;46,85;1462;21,3;23,8;93,1;21,4
B;2;Y;22,255;49,69;1463;21,5;24,4;97,7;24,8
C;3;X;26,195;53,29;1462;21,9;25,3;104,1;19,9
A;1;Y;19,847;45,14;1460;20,2;22,5;89,3;25,3
A;1;Y;20,524;46,69;1460;20,5;24,2;93,2;25,3
C;3;X;26,221;53,46;1459;21,6;23,9;102;19,9
C;3;X;26,272;53,54;1460;20,4;23,7;102;19,9
B;2;X;21,45;47,89;1463;19,5;23,6;94,1;22,4
A;2;Y;22,419;50,92;1462;22,8;24,2;99,4;23,8
C;2;Y;25,2;51,33;1461;22,7;26,6;102,3;23,8
A;1;Y;19,752;44,97;1459;19,7;23,7;89,6;25,3
A;1;Y;19,385;44,06;1461;21,4;25,5;90,3;25,3
C;3;X;25,683;52,29;1461;20,8;23,7;100,7;19,9
A;1;Y;19,59;44,51;1462;19,7;21,3;86,9;25,3
B;2;X;20,919;46,81;1460;21,9;24;92,6;22,4
A;2;X;20,541;46,67;1462;20,2;23;91,4;21,4
B;2;X;21,357;47,61;1465;22,4;23,7;93,9;22,4
C;3;X;25,944;52,81;1461;19,5;24,7;102,2;19,9
C;3;Y;27,73;56,4;1463;18,7;24,1;107,3;22,3
C;2;Y;25,289;51,58;1459;18,7;23,2;99,4;23,8
B;2;X;21,289;47,51;1464;19,4;20,8;90,5;22,4
C;3;X;26,049;53,15;1458;22,2;24,8;102,6;19,9
A;2;X;20,681;47,02;1461;21,1;23,7;93,3;21,4
B;2;X;20,909;46,85;1458;20,1;24,1;93,4;22,4
C;1;Y;21,812;44,4;1462;18,5;22,5;87,7;25,3
A;2;Y;22,118;50,23;1462;20,4;24,6;98,8;23,8
B;2;X;21,245;47,51;1461;20,8;23,7;94,1;22,4
B;2;X;20,972;46,84;1463;20,1;22,8;91,3;22,4
B;2;X;21,212;47,48;1459;20,8;23,4;93,1;22,4
C;3;X;26,164;53,19;1463;19,8;23;101,5;19,9
C;2;X;23,126;47,19;1458;23,2;25;94;21,4
B;2;X;20,814;46,58;1460;20,5;23,9;92,7;22,4
C;3;Y;27,926;56,84;1462;20,1;25,4;108,9;22,3
C;2;X;23,695;48,24;1461;22;25,4;96,4;21,4
A;2;Y;22,58;51,41;1459;22,7;24,6;100,4;23,8
A;2;X;21,269;48,26;1464;18,9;21,1;91,9;21,4
A;2;X;20,489;46,59;1460;18,9;22,8;91,6;21,4
B;2;X;20,77;46,51;1459;21,9;22,8;91,3;22,4
C;2;Y;25,079;51,15;1459;19,7;23,4;98,8;23,8
A;1;Y;19,198;43,69;1459;22,5;23,4;87,2;25,3
A;2;X;20,451;46,46;1462;21,9;24,5;92,8;21,4
B;2;Y;22,842;51,1;1460;22,1;25;100,5;24,8
A;1;Y;20,208;45,97;1460;20,1;23,9;91,2;25,3
A;2;X;20,413;46,38;1462;20,4;23,3;91,2;21,4
C;2;X;23,376;47,51;1464;19,5;23,6;93,2;21,4
C;1;Y;21,654;44,17;1458;19,4;22,8;87,7;25,3
A;1;Y;19,155;43,59;1459;21,7;23;87,4;25,3
A;1;Y;19,555;44,43;1462;22,5;24;89,8;25,3
A;2;X;20,399;46,41;1460;18,8;22,7;91;21,4
C;3;X;26,312;53,58;1461;21,5;25,6;104,5;19,9
A;2;X;20,338;46,28;1459;23,3;23,7;91,5;21,4
C;3;X;26,872;54,66;1463;18,4;24,7;105;19,9
B;2;Y;22,52;50,37;1461;20,4;22,6;96,4;24,8
C;3;X;26,699;54,42;1460;22,7;24,8;104,6;19,9
C;3;Y;27,957;56,93;1461;21,6;25;108,7;22,3
B;2;Y;22,55;50,49;1459;21,7;23,5;98,2;24,8
C;3;X;25,038;50,96;1462;19;22,1;96,6;19,9
A;2;Y;23,559;53,65;1458;22,5;25,9;105;23,8
C;3;X;26,521;53,96;1462;21,4;24,1;103;19,9
B;2;X;21,219;47,41;1462;21,1;24;93,5;22,4
A;2;Y;21,84;49,7;1459;22,7;23,5;96,4;23,8
A;2;X;20,936;47,58;1461;20,7;23,2;93,6;21,4
C;2;Y;24,66;50,31;1458;22,2;24,3;98,7;23,8
B;2;Y;22,859;51,06;1462;20,4;22,8;97,7;24,8
C;3;X;26,452;53,82;1462;19,9;23,8;103,1;19,9
B;2;X;20,844;46,59;1461;18,2;23,2;92,1;22,4
A;1;Y;19,955;45,34;1462;23,1;24,5;91,5;25,3
A;1;Y;20,208;45,94;1461;20,9;22,8;90,2;25,3
B;2;X;21,128;47,2;1462;18,7;23;92;22,4
C;2;X;22,776;46,32;1463;22,4;24,9;93;21,4
A;2;X;21,506;48,91;1460;21,8;23,6;95,4;21,4
C;3;X;26,097;53,12;1462;21,5;24,8;102,4;19,9
A;1;Y;19;43,22;1460;21,7;23,1;86,5;25,3
C;3;X;25,953;52,72;1465;19,2;22,8;100,3;19,9
B;2;Y;23,025;51,43;1463;21,1;22,7;98,6;24,8
B;2;Y;22,55;50,4;1462;21,9;22,4;96,8;24,8
C;2;Y;24,787;50,53;1459;21,8;24;98,5;23,8
A;1;Y;19,902;45,29;1459;23,1;23,6;89,9;25,3
A;2;X;19,887;45,18;1462;21,3;24,1;91,1;21,4
A;1;Y;19,791;44,96;1462;20,7;24,4;90,6;25,3
B;2;Y;23,058;51,65;1458;21,8;24,4;100,3;24,8
A;1;Y;19,451;44,29;1458;21,9;23,7;89;25,3
C;3;X;25,821;52,7;1458;20;23,1;100,3;19,9
A;1;Y;19,633;44,62;1461;22,7;23,5;88,9;25,3
B;2;X;21,047;46,88;1467;19,1;24;93,6;22,4
A;2;Y;22,349;50,79;1461;19,4;23;97,3;23,8
A;2;Y;22,459;51,06;1461;18,5;22,9;98,2;23,8
A;2;Y;21,479;48,79;1462;19,2;21,9;93,9;23,8
A;1;Y;19,283;43,84;1461;19,4;23,5;88,2;25,3
C;2;X;22,562;45,86;1464;20,5;23,3;90,7;21,4
C;3;Y;27,201;55,47;1459;22,2;24,6;106,3;22,3
A;1;Y;19,535;44,37;1462;20,2;23,5;88,4;25,3
C;2;X;22,463;45,74;1461;21,5;24;91,7;21,4
B;2;X;21,174;47,34;1461;23,5;23,9;93,1;22,4
C;3;X;26,36;53,71;1460;20,4;22,6;101,7;19,9
A;1;Y;18,903;42,94;1462;22,7;24,3;88;25,3
A;2;X;20,646;46,96;1460;17,8;23;91,8;21,4
A;2;Y;22,334;50,94;1456;22,9;24,7;99,2;23,8
A;1;Y;19,52;44,29;1464;21;22,9;88,7;25,3
C;3;X;25,99;52,92;1461;20,3;23,6;101,3;19,9
A;2;Y;22,244;50,55;1461;20,7;23,6;97,5;23,8
A;1;Y;19,723;44,93;1458;21,7;22,3;87,9;25,3
B;2;Y;22,843;50,99;1464;22;24,2;98,8;24,8
A;2;X;20,774;47,18;1462;20,2;21,7;91,6;21,4
C;2;Y;24,695;50,33;1460;21,8;24,7;99;23,8
A;1;Y;20,322;46,25;1459;19,7;22,3;90,5;25,3
A;1;Y;19,401;44,16;1459;21,8;23,3;87,8;25,3
B;2;Y;23,201;51,82;1463;20,8;24,5;101,1;24,8
A;2;Y;22,778;51,71;1463;22,1;25;101,1;23,8
C;2;Y;25,135;51,16;1462;20,4;24;99;23,8
A;1;Y;19,485;44,26;1462;24,5;24,3;89,9;25,3
A;1;Y;20,398;46,37;1461;19,8;24,1;92,1;25,3
B;2;X;20,238;45,28;1460;19,4;22,9;89,9;22,4
C;2;X;23,323;47,62;1457;19,5;22,3;92,1;21,4
C;3;X;26,33;53,62;1461;23;25;103,5;19,9
C;2;X;22,601;46,06;1460;21,9;24;92;21,4
A;1;Y;19,774;44,89;1463;23,4;24,9;90,6;25,3
C;3;X;25,698;52,35;1460;20,6;24,8;102,2;19,9
B;2;X;20,543;45,98;1460;22,9;23,5;90,6;22,4
A;2;Y;22,38;50,93;1459;20,9;23,5;98,3;23,8
C;3;Y;27,2;55,41;1460;21,1;23;104,7;22,3
B;2;Y;22,961;51,37;1460;18,5;22,7;98,5;24,8
B;2;X;21,879;48,88;1462;20,5;23,8;95,9;22,4
B;2;X;21,797;48,74;1461;21,2;22,7;94,9;22,4
A;2;Y;22,218;50,38;1465;21,3;23,8;98;23,8
C;3;X;25,872;52,72;1460;21,1;23,4;101;19,9
A;2;X;21,132;48,1;1459;18,5;22,4;92,9;21,4
B;2;Y;23,342;52,16;1462;21,9;23,5;100,2;24,8
B;2;Y;22,012;49,21;1461;19,6;22,4;94,6;24,8
A;2;Y;22,751;51,73;1461;17,4;20,3;96,8;23,8
C;3;X;26,394;53,68;1463;20,9;23,7;103,2;19,9
C;2;Y;24,697;50,33;1460;20,7;23,6;97,4;23,8
C;3;Y;29,129;59,18;1464;24,8;25,3;112,2;22,3
A;1;Y;20,456;46,51;1460;23;23,2;91,7;25,3
C;3;X;25,527;52,1;1458;19,6;22,9;99,7;19,9
A;2;X;20,556;46,76;1460;21,1;23,8;92,3;21,4
C;3;X;25,749;52,46;1460;20,6;22,8;100,3;19,9
A;1;Y;19,651;44,74;1459;18,7;21,5;86,9;25,3
A;1;Y;19,098;43,31;1464;20,3;22;86,2;25,3
B;2;Y;23,311;52,05;1463;22,9;24,9;101,8;24,8
C;1;Y;22,611;46,05;1461;22,3;23,7;91,4;25,3
A;2;X;20,405;46,4;1460;22,1;23,9;92,1;21,4
A;1;Y;19,657;44,76;1458;21,7;24,1;90,3;25,3
A;2;Y;22,745;51,75;1459;19,8;23;99,1;23,8
C;2;X;22,156;45,13;1460;19,1;23,8;90,7;21,4
B;2;X;21,41;47,79;1463;18,5;23,1;93,2;22,4
B;2;X;20,322;45,55;1458;20,9;24,1;90,9;22,4
C;3;Y;28,187;57,45;1460;22,2;25,9;110,6;22,3
C;3;X;25,478;51,91;1460;20,9;24,6;100,9;19,9
A;1;Y;19,797;45;1461;20,1;23;89,8;25,3
A;2;X;21,051;47,9;1460;20,3;22;92,6;21,4
B;2;Y;21,918;48,9;1464;22,1;25;96,8;24,8
A;1;Y;20,008;45,52;1460;19,9;22,3;89,3;25,3
C;3;Y;28,717;58,41;1463;21,4;25,3;111,2;22,3
C;3;X;26,214;53,27;1464;17,3;21,2;99,5;19,9
B;2;X;20,125;45,04;1460;22,8;24,3;90,3;22,4
A;2;X;21,365;48,63;1459;22,5;24,5;95,6;21,4
B;2;Y;22,465;50,06;1466;19,1;21,6;95,4;24,8
C;2;X;22,875;46,59;1461;23,2;25,5;94,3;21,4
C;1;Y;21,883;44,56;1461;21,3;24,2;89,7;25,3
C;3;Y;28,946;58,91;1462;22,9;25,8;112,3;22,3
A;2;X;20,319;46,21;1460;21,3;24,7;92,9;21,4
C;3;X;25,292;51,52;1461;21,3;23,2;98,7;19,9
C;2;Y;25,219;51,33;1462;19,7;22,3;97,5;23,8
C;3;Y;27,651;56,2;1464;21,6;23,3;106,2;22,3
C;2;Y;25,968;52,8;1463;20;24;101,5;23,8
C;2;Y;24,675;50,31;1459;20,8;24,9;99,1;23,8
A;1;Y;18,86;42,78;1464;20,9;23,2;86,5;25,3
A;1;Y;20,178;45,76;1464;22,3;24,1;91,5;25,3
A;2;Y;21,483;48,91;1459;21;22,4;94,2;23,8
A;2;X;21,045;47,84;1461;20,8;23,3;93,3;21,4
B;2;X;21,146;47,25;1462;21,5;24,5;94,5;22,4
C;3;X;25,514;52,09;1457;20,3;23,1;99,8;19,9
A;2;X;20,365;46,31;1460;19;23,4;91,4;21,4
A;1;Y;19,712;44,79;1462;20,3;23,7;89,2;25,3
C;2;X;23,544;48,03;1458;22,6;24,9;95,4;21,4
C;2;X;23,244;47,3;1462;21,1;24,4;93,8;21,4
A;2;X;21,367;48,59;1460;22,2;25,2;96,5;21,4
A;1;Y;19,354;44,08;1458;20,9;25;89,6;25,3
A;1;Y;18,835;42,88;1459;21,7;23,5;86;25,3
B;2;Y;23,381;52,26;1461;18,5;22,8;100,1;24,8
B;2;Y;22,385;50,06;1461;22,5;23,7;97,2;24,8
A;2;X;20,13;45,76;1461;23,4;25,2;92,6;21,4
C;1;Y;22,832;46,5;1461;19,1;21,1;89,2;25,3
A;2;X;20,444;46,54;1459;20,3;23,8;92,4;21,4
C;2;Y;24,327;49,59;1460;20,3;23,5;96,1;23,8
C;3;X;26,639;54,3;1460;17,6;24,6;104,3;19,9
C;3;X;25,184;51,23;1462;22,9;24,9;100,7;19,9
C;3;X;25,352;51,49;1465;21,6;26,1;102,4;19,9
B;2;X;20,791;46,44;1462;21,5;24,6;93,4;22,4
B;2;X;20,994;46,96;1461;20,8;24,4;93;22,4
B;2;X;21,243;47,5;1461;19,5;21,8;92,1;22,4
A;2;X;20,232;45,98;1461;23,8;24,5;92,4;21,4
A;2;Y;21,494;48,87;1461;21,5;24,8;97,1;23,8
A;2;X;20,414;46,34;1463;21;23,4;91,6;21,4
A;1;Y;19,614;44,56;1462;21,4;24,4;89,9;25,3
C;3;X;26,343;53,69;1460;20,7;24,2;103,4;19,9
A;1;Y;19,283;43,84;1461;23,4;25,5;90,5;25,3
B;2;X;19,731;44,04;1463;21,3;22,4;87,1;22,4
B;2;X;21,383;47,8;1461;21,8;23,8;93,7;22,4
A;2;Y;22,407;50,92;1461;20,2;22,9;98,2;23,8
C;3;X;26,714;54,47;1459;19,2;22,6;102,2;19,9
A;2;X;21,431;48,65;1463;20;23,5;94,8;21,4
C;2;Y;25,472;51,84;1462;20,6;23,5;100,1;23,8
A;1;Y;19,523;44,29;1464;19,2;21,7;86,9;25,3
A;2;Y;21,973;50,03;1459;21,4;23,8;97,5;23,8
C;3;X;26,166;53,33;1460;20,6;23,6;101,9;19,9
C;3;X;26,219;53,34;1462;19,2;22,6;101,3;19,9
B;2;X;21,112;47,2;1461;19,8;24,7;94,1;22,4
B;2;Y;23,544;52,57;1463;23,1;25,1;102,8;24,8
C;2;X;23,652;48,22;1459;21;24,7;95,1;21,4
A;2;Y;23,626;53,6;1464;17,5;22,1;100,8;23,8
C;3;X;25,455;51,87;1460;21,2;25,6;101,6;19,9
B;2;X;21,031;47,07;1460;24,1;24,1;93;22,4
C;2;X;23,06;46,95;1461;22,3;24,8;93,9;21,4
B;2;Y;22,332;49,89;1462;21,9;24,1;97,9;24,8
B;2;Y;22,242;49,79;1459;20,6;24,4;97,5;24,8
A;1;Y;19,27;43,83;1460;18,7;21,8;86,5;25,3
A;1;Y;19,608;44,48;1464;21,6;24,5;90,1;25,3
C;2;Y;25,003;50,97;1459;21,6;23,6;98,4;23,8
A;2;X;20,531;46,64;1462;19,5;23,4;92;21,4
A;1;Y;20,532;46,71;1460;20,6;23,9;93,1;25,3
A;1;Y;19,957;45,4;1460;20,4;22;88,7;25,3
A;1;Y;19,65;44,69;1460;21;22,6;88,2;25,3
A;1;Y;19,626;44,57;1462;22;24,1;90;25,3
B;2;X;21,099;47,21;1460;19,6;22,1;91,2;22,4
B;2;X;20,674;46,28;1459;21,6;24;92;22,4
C;3;X;26,094;53,18;1460;21;23,4;101,2;19,9
C;2;X;23,401;47,63;1462;21,1;23,7;94,3;21,4
A;1;Y;19,139;43,48;1462;21,5;22,3;86,1;25,3
B;2;X;20,768;46,37;1463;21,1;24,2;92,1;22,4
C;3;X;25,989;52,92;1461;21,6;24,3;102,3;19,9
C;3;Y;28,324;57,66;1461;22,8;24,8;109,1;22,3
C;2;Y;24,365;49,66;1460;21,1;24,4;97,4;23,8
C;2;X;23,144;47,21;1459;21,7;25,2;94,8;21,4
A;2;X;19,843;45,13;1460;23;25,3;91,4;21,4
A;1;Y;19,95;45,33;1461;21,9;23,8;90,6;25,3
C;2;X;22,33;45,46;1462;20,3;23,6;91;21,4
A;1;Y;19,574;44,49;1461;19;22,6;88,5;25,3
B;2;Y;23,128;51,77;1459;21,7;24,7;100,6;24,8
C;1;Y;21,02;42,8;1461;20,7;23,5;86,9;25,3
C;2;X;22,511;45,83;1461;21,3;23,7;91,5;21,4
A;1;Y;19,457;44,33;1457;23,1;23,6;89,1;25,3
A;2;Y;21,948;49,81;1463;22;23,3;96,9;23,8
A;2;X;20,483;46,58;1460;18,3;22,4;91,1;21,4
A;1;Y;18,868;42,82;1463;22,4;23;86,6;25,3
A;2;X;20,799;47,28;1461;19,6;22,7;92,1;21,4
A;2;X;20,921;47,5;1463;23,8;25,5;95,4;21,4
B;2;X;21,182;47,32;1462;23,8;23,8;93,9;22,4
C;2;X;22,817;46,35;1465;20,8;22,8;91,7;21,4
C;1;Y;22,06;44,88;1462;21,5;24,2;89,9;25,3
C;2;Y;25,066;51,02;1462;20,5;23,5;98,8;23,8
A;1;Y;19,856;45,14;1461;21,8;22,4;88,7;25,3
A;2;Y;22,713;51,54;1463;21,9;24,1;99,6;23,8
B;2;X;21,031;47,06;1460;19,9;21,4;90,2;22,4
C;2;X;22,734;46,45;1456;22,4;24,1;92,8;21,4
C;3;X;24,723;50,27;1463;18,4;23,2;97,7;19,9
C;3;X;25,54;52,07;1459;20;24;101;19,9
B;2;X;NaN;48,07;1461;21,1;23,9;94,7;22,4
A;2;Y;22,443;51,03;1461;18,6;22,9;97,8;23,8
A;2;Y;22,946;52,14;1462;21,1;23,1;99,4;23,8
A;1;Y;19,28;43,88;1459;20,4;22,8;87,8;25,3
A;1;Y;20,087;45,58;1464;21,9;23,2;90;25,3
A;1;Y;19,613;44,57;1461;21,5;24,9;90,1;25,3
C;2;X;22,892;46,64;1460;21;24,9;94;21,4
B;2;Y;22,699;50,73;1462;20,6;22,9;97,1;24,8
A;1;Y;18,889;42,98;1459;20;23,3;86,3;25,3
A;2;Y;22,125;50,16;1465;21,2;24,1;97,7;23,8
A;2;X;21,269;48,28;1463;21,9;24,2;95,6;21,4
B;2;X;21,483;48,09;1459;20,6;24,1;94,7;22,4
B;2;X;20,462;45,69;1463;22;23,8;91,1;22,4
A;1;Y;19,853;45,08;1463;21,2;23,2;89,5;25,3
C;1;Y;21,377;43,57;1460;21,5;23,7;87,5;25,3
A;1;Y;20,462;46,56;1459;20,5;23,3;91,7;25,3
A;1;Y;19,587;44,55;1460;20;23,8;89,7;25,3
A;2;X;20,394;46,28;1463;19,8;22,7;91;21,4
B;2;Y;22,778;50,91;1461;21,9;24,5;99,2;24,8
C;3;Y;27,671;56,27;1463;21,7;25,5;108,3;22,3
A;2;Y;22,133;50,32;1461;20,7;22,1;95,8;23,8
C;1;Y;22,117;45,1;1459;22,3;25,1;91,1;25,3
A;2;X;19,319;43,93;1460;17,9;22,1;86,5;21,4
C;3;X;25,649;52,19;1462;22,2;24,4;100,9;19,9
A;1;Y;20,628;46,9;1461;21,9;23;92;25,3
C;3;X;26,524;53,94;1463;23,4;25,2;104,7;19,9
C;2;Y;24,908;50,66;1463;21,6;24,4;99,1;23,8
A;1;Y;19,794;45,02;1460;20,5;22,8;88,8;25,3
C;3;X;26,349;53,6;1462;22,5;24,2;103,3;19,9
A;1;Y;18,714;42,58;1460;21,1;23,1;85,9;25,3
C;2;X;23,13;47,09;1461;22,4;25,5;94,7;21,4
C;2;X;22,553;45,97;1460;21,6;23,2;90,4;21,4
B;2;Y;22,522;50,35;1461;22,5;24,1;98,4;24,8
C;3;X;26,643;54,32;1459;21,4;24,9;104,5;19,9
A;1;Y;20,074;45,64;1461;23,8;23,9;91,6;25,3
C;3;X;26,72;54,44;1460;20,6;24,9;104,7;19,9
A;1;Y;20,743;47,12;1462;21,7;23,4;92,3;25,3
C;3;X;25,468;51,79;1463;21,5;23,6;99,5;19,9
C;3;X;26,142;53,3;1459;20,6;24;101,8;19,9
C;2;X;22,933;46,8;1458;19,3;23,4;92,4;21,4
B;2;Y;22,684;50,7;1462;20,6;24,4;99,1;24,8
C;2;Y;25,415;51,82;1459;20;22,9;99,3;23,8
A;2;X;20,859;47,37;1462;20,8;25,3;95,5;21,4
A;1;Y;19,948;45,37;1460;18,7;22,9;89,3;25,3
C;3;X;26,209;53,45;1459;20;22,7;101,4;19,9
C;2;Y;24,942;50,83;1460;20,9;24;98,2;23,8
B;2;X;21,2;47,44;1460;19,9;23,8;93,5;22,4
C;1;Y;23,023;46,8;1464;19,8;23,3;91,9;25,3
A;1;Y;19,888;45,29;1458;23,3;24,5;91,3;25,3
C;1;Y;21,884;44,56;1461;23;24,5;89,8;25,3
B;2;X;20,875;46,51;1466;22,6;26;94,6;22,4
A;2;Y;22,379;50,82;1462;20,1;22,5;97,6;23,8
C;3;X;26,223;53,36;1462;19,2;24,3;102,5;19,9
C;3;Y;28,789;58,6;1462;20,3;22,9;108,9;22,3
C;3;X;25,844;52,57;1462;22,6;24,2;101,5;19,9
A;2;Y;22,409;50,97;1460;20,5;24,8;100;23,8
C;3;X;26,441;53,85;1461;20,1;23,4;102,5;19,9
A;1;Y;19,655;44,75;1458;21,4;22,8;88,3;25,3
C;3;Y;29,53;60,11;1462;20,8;24,5;113,1;22,3
B;2;X;21,169;47,27;1463;19,9;24,7;94;22,4
C;1;Y;21,124;43;1461;22,5;24,8;87,9;25,3
C;2;X;22,791;46,39;1462;20,9;24,1;92,5;21,4
C;3;Y;28,184;57,37;1462;23;25,4;109,7;22,3
C;2;Y;24,273;49,51;1458;21,9;25,1;97,7;23,8
C;2;X;23,229;47,24;1463;21,2;24,6;93,8;21,4
B;2;X;21,058;47,15;1459;20,5;24,4;93,3;22,4
B;2;X;20,613;46,08;1461;20,8;22,6;90,4;22,4
A;1;Y;19,341;44,02;1459;20;24;88,6;25,3
A;1;Y;19,733;44,84;1461;21,2;24;89,9;25,3
C;3;X;25,388;51,73;1460;21,5;25;100,6;19,9
B;2;Y;23,012;51,44;1461;20,8;23,9;99,3;24,8
A;2;X;21,144;48,03;1462;22;25;95,7;21,4
C;3;Y;22,207;45,2;1462;19,6;23,5;90;25,3
C;3;X;24,927;50,75;1461;19,7;22,7;97,3;19,9
A;2;X;20,251;45,97;1463;20,4;22,2;90;21,4
C;2;X;23,239;47,38;1459;19,8;22,7;92;21,4
A;1;Y;19,983;45,5;1459;20,6;22,5;89,4;25,3
A;1;Y;19,245;43,76;1461;21,6;24;88,5;25,3
A;1;Y;19,314;44,02;1457;19,9;21,9;87;25,3
C;3;X;24,963;50,83;1461;20,2;24,2;99,3;19,9
A;1;Y;19,5;44,29;1462;23,7;24,8;90,5;25,3
A;2;X;21,051;47,73;1465;21,1;24,2;94,3;21,4
A;1;Y;20,114;45,61;1464;20,5;23,6;90,8;25,3
B;2;X;20,75;46,27;1465;22,2;23,6;91,7;22,4
C;2;Y;24,825;50,54;1461;20,6;22,6;96,9;23,8
A;2;Y;21,875;49,75;1460;19,8;23,5;96,7;23,8
A;2;X;20,765;47,19;1461;22,2;22,7;92,5;21,4
B;2;Y;22,842;51,14;1459;21;24,7;99,8;24,8
A;2;Y;22,616;51,54;1457;22,5;24,5;99,8;23,8
C;3;X;26,475;53,97;1460;20,7;23,6;102,6;19,9
C;2;Y;25,842;52,64;1460;22;23,8;100,8;23,8
C;3;Y;28,426;57,89;1461;18,5;22,5;107,5;22,3
C;2;X;22,718;46,32;1459;18,8;23,1;91,7;21,4
C;2;X;23,907;48,58;1464;18,6;23;94,6;21,4
A;1;Y;19,942;45,32;1461;20,6;23,1;89,5;25,3
C;3;Y;27,689;56,44;1460;20,1;22,6;105,2;22,3
B;2;X;21,129;47,24;1461;23;23,4;93,1;22,4
B;2;X;21,187;47,25;1465;19,2;23,1;93,1;22,4
C;2;Y;25,043;50,99;1461;22,9;25,3;100;23,8
B;2;X;21,15;47,23;1463;22,6;25,4;94,9;22,4
A;2;X;20,443;46,46;1461;20,6;23,2;91,6;21,4
C;3;X;25,286;51,48;1461;19,2;23,2;99,4;19,9
A;1;Y;20,314;46,21;1460;20,5;25,4;93,1;25,3
A;1;Y;20,47;46,51;1462;20,2;23,3;91,7;25,3
B;2;Y;22,982;51,53;1457;21,7;25;101;24,8
C;2;X;22,731;46,29;1461;18,8;24,4;92,8;21,4
A;2;X;20,519;46,72;1459;18,5;21,8;90,6;21,4
C;2;Y;26,185;53,24;1463;19,9;22,9;101,7;23,8
B;2;X;21,128;47,39;1456;19,9;23;92,5;22,4
A;1;Y;19,951;45,38;1460;20,3;23,5;90,4;25,3
A;1;Y;19,809;44,99;1462;20,9;22,3;88,5;25,3
A;1;Y;19,9;45,22;1461;22,3;24,7;91;25,3
C;2;X;22,749;46,32;1461;20,3;21,7;90,1;21,4
B;2;X;21,567;48,19;1462;22,5;24;94,7;22,4
B;2;Y;22,624;50,54;1462;20;22,5;96,8;24,8
C;2;Y;25,388;51,64;1463;20,1;23,6;99,5;23,8
B;2;X;21,057;47,09;1461;21;23,7;93,3;22,4
C;3;X;25,216;51,35;1461;20,6;24,8;100,8;19,9
A;1;Y;19,723;44,93;1458;22,1;23,7;89,9;25,3
C;1;Y;22,257;45,25;1463;22,3;25,6;92;25,3
C;3;Y;27,81;56,51;1464;22,1;23,8;107,4;22,3
C;3;X;26,048;53,02;1462;19,6;23,2;101,4;19,9
C;1;Y;21,948;44,69;1461;20,3;22,9;88,3;25,3
C;2;X;23,513;47,91;1460;20,5;22,9;93,5;21,4
B;2;X;21,42;47,94;1459;21,2;23,7;94;22,4
C;2;X;22,208;45,14;1464;18,1;23;89,7;21,4
A;1;Y;19,347;44,05;1458;18,1;23,1;87,9;25,3
C;3;X;25,798;52,5;1462;21,6;23,9;101,5;19,9
A;1;Y;19,417;44,19;1459;23,6;23,4;88,3;25,3
A;1;Y;19,539;44,46;1460;21,2;23,4;89,2;25,3
A;1;Y;19,381;44,01;1462;22;24,2;89;25,3
A;1;Y;19,802;44,98;1462;19,6;21,5;87,3;25,3
A;1;Y;19,443;44,19;1461;20,2;23,6;88,2;25,3
B;2;X;21,28;47,52;1463;22,3;24,2;94,3;22,4
A;1;Y;19,789;44,93;1463;22,6;24,7;91,3;25,3
C;3;X;25,375;51,66;1461;19,7;24,6;100,6;19,9
C;3;X;25,762;52,56;1458;18,4;22,4;99,6;19,9
A;1;Y;19,322;43,88;1462;21,9;24,3;89,1;25,3
C;2;X;23,093;47;1462;20,4;24;93,2;21,4
C;3;X;25,892;52,67;1463;19,3;23,5;101,5;19,9
C;3;X;25,485;51,86;1462;21;24,1;100,4;19,9
C;2;X;23,122;47,1;1460;24,4;25,9;95,6;21,4
A;2;X;19,828;45,09;1460;21,8;23,7;90,5;21,4
C;2;X;22,925;46,69;1461;23,8;27,4;95,9;21,4
C;3;X;25,769;52,44;1462;23,7;24,9;102;19,9
C;2;Y;25,409;51,68;1463;20,9;24,2;100,2;23,8
C;1;Y;21,949;44,61;1464;18,9;22,5;87,9;25,3
C;2;X;23,153;47,07;1463;19,2;21,5;90,4;21,4
A;1;Y;19,896;45,29;1459;20,2;23,6;89,9;25,3
A;2;Y;21,827;49,58;1462;22,7;24,5;97,2;23,8
A;2;X;21,327;48,6;1457;22;23,3;94,9;21,4
A;2;Y;21,983;49,93;1462;21,1;23,7;97,2;23,8
A;2;X;21,518;48,92;1461;25;26,6;98,3;21,4
C;3;X;25,25;51,51;1458;19,4;22,6;97,8;19,9
C;1;Y;21,802;44,37;1462;19,7;23,2;88,2;25,3
C;3;X;26,209;53,32;1462;19,9;24,5;102,7;19,9
B;2;X;21,563;48,3;1458;22,5;24;94,6;22,4
C;2;X;23,359;47,59;1460;21,5;24,4;94,6;21,4
A;1;Y;20,723;47,06;1462;20,9;23,3;92,9;25,3
C;2;Y;25,261;51,37;1463;19,8;23,2;99,1;23,8
A;1;Y;19,642;44,59;1463;23,1;24,5;90,1;25,3
B;2;Y;22,696;50,8;1460;22,3;22,9;97,7;24,8
B;2;X;21,058;47,11;1460;22,2;24,9;94,6;22,4
C;1;Y;22,349;45,51;1461;19,7;21,4;88,4;25,3
C;1;Y;21,913;44,59;1462;19,1;21,7;87,2;25,3
A;1;Y;19,772;44,85;1464;19,1;23,6;89,6;25,3
A;2;X;20,935;47,59;1461;21,2;21,9;91,5;21,4
A;1;Y;19,41;44,24;1457;21,7;22,6;87,9;25,3
C;3;X;25,61;52,05;1464;21,8;24,4;101,1;19,9
B;2;Y;22,905;51,13;1463;20,6;25,4;100,3;24,8
C;2;X;23,014;46,94;1458;20,7;23,3;92,3;21,4
A;2;X;20,94;47,56;1462;20,8;24,5;94,4;21,4
C;1;Y;22,24;45,3;1461;17,6;22,5;89,3;25,3
A;1;Y;20,005;45,59;1457;21,3;24,5;91,9;25,3
A;2;X;20,331;46,18;1462;23,2;25,3;93,3;21,4
C;2;Y;24,741;50,28;1464;22,4;26,8;101;23,8
A;1;Y;19,623;44,57;1462;19,3;22,9;89;25,3
A;1;Y;18,774;42,75;1458;19,9;23,8;86,3;25,3
A;1;Y;19,033;43,16;1464;20,1;22,6;86,3;25,3
C;1;Y;21,862;44,6;1458;20,9;23,8;89,8;25,3
B;2;X;20,991;47,01;1459;20,4;23,8;92,4;22,4
A;2;Y;21,276;48,29;1463;22;25,7;96,9;23,8
A;2;Y;22,284;50,64;1461;21,7;24,6;99,4;23,8
C;3;X;26,167;53,29;1461;22,7;24,6;103,2;19,9
A;1;Y;19,644;44,77;1457;21,7;22,6;88,2;25,3
A;1;Y;18,712;42,59;1459;21,1;23,6;86,7;25,3
A;1;Y;18,805;42,76;1460;20;23,5;86,4;25,3
C;2;X;23,173;47,17;1461;20,4;22,4;91,4;21,4
C;3;X;25,937;52,79;1462;19,9;23,2;100,4;19,9
B;2;X;20,64;46,14;1461;23,4;24,1;91,9;22,4
C;3;X;25,753;52,35;1464;20,6;22,8;100,1;19,9
A;1;Y;19,308;43,84;1462;22,4;24,8;89,4;25,3
C;3;Y;28,583;58,37;1457;20,7;25,3;110,8;22,3
A;1;Y;18,909;43,04;1459;19,9;23,1;86,5;25,3
B;2;X;20,691;46,15;1465;21,1;23,9;92,2;22,4
B;2;X;20,325;45,51;1459;18,2;22,4;89,3;22,4
A;1;Y;19,304;43,82;1463;18,5;22,4;86,7;25,3
C;3;X;25,985;52,99;1459;21,6;23,9;101,4;19,9
C;2;Y;24,038;48,99;1460;20,4;22,6;95;23,8
C;3;X;26,063;53,04;1462;23,3;25,4;103,9;19,9
C;3;X;26,208;53,31;1463;20,8;23,5;101,7;19,9
B;2;X;21,087;47,25;1458;20;22,8;92,1;22,4
B;2;X;20,939;46,82;1461;23;24,3;93;22,4
A;1;Y;19,623;44,56;1462;19,9;22,9;88,9;25,3
A;2;X;20,976;47,56;1465;21,3;24;94,7;21,4
C;2;X;24,278;49,49;1459;19,8;24,2;97,3;21,4
C;3;Y;28,675;58,51;1458;22,5;25,1;111,1;22,3
C;3;Y;29,079;59,32;1458;20,6;23,5;110,1;22,3
A;1;Y;19,64;44,64;1461;23;25,2;90,9;25,3
A;2;X;20,674;46,92;1463;20,3;23,3;92,5;21,4
A;2;Y;22,391;50,96;1459;20,9;24,6;99,5;23,8
C;2;Y;25,406;51,77;1460;20,6;24,2;100,1;23,8
C;3;X;24,499;49,99;1458;21,4;24,5;98,4;19,9
C;1;Y;22,398;45,53;1463;21,9;25,9;93,1;25,3
C;2;Y;26,033;52,95;1463;22,1;25,2;102,9;23,8
C;3;X;25,896;52,65;1463;20,5;24,4;101,7;19,9
B;2;X;20,371;45,46;1464;21,7;23,4;90,5;22,4
A;1;Y;20,296;46,04;1464;20;21,7;90;25,3
C;2;X;22,341;45,51;1460;22,4;22,6;89,5;21,4
B;2;Y;22,587;50,43;1463;23,3;24,8;99,4;24,8
A;2;Y;21,968;50,01;1459;19,5;22,4;96,3;23,8
A;2;Y;22,406;51;1459;22,2;24,4;99,1;23,8
A;2;Y;23,796;54,08;1461;20,6;22,5;102,4;23,8
C;3;X;25,915;52,86;1459;20,2;22,9;100,6;19,9
B;2;Y;23,498;52,51;1462;21,4;25;101,8;24,8
A;2;X;20,773;47,15;1463;21,2;25,1;94,2;21,4
C;2;X;22,939;46,71;1461;21,5;25,4;94,3;21,4
A;1;Y;20,107;45,63;1463;19,5;22,4;89,6;25,3
C;3;X;25,759;52,49;1460;22,3;24,2;101,8;19,9
C;3;X;25,59;52,03;1463;23;24,4;100,9;19,9
C;2;X;22,298;45,33;1464;21,4;23,3;90,1;21,4
C;1;Y;21,779;44,38;1460;21,3;23,8;89,4;25,3
C;3;X;26,32;53,49;1464;21,8;23,8;102,9;19,9
A;1;Y;19,329;43,87;1463;18,8;21,9;86,4;25,3
C;3;Y;28,278;57,56;1462;22;25,1;109,2;22,3
B;2;X;21,164;47,38;1459;21,4;23,1;92,2;22,4
B;2;X;21,337;47,71;1461;22,3;24,2;94,6;22,4
A;1;Y;20,385;46,32;1462;24,1;24,8;92,6;25,3
A;1;Y;19,525;44,41;1460;21,3;23,6;88,5;25,3
C;3;X;26,069;53,14;1459;21,2;25,1;102,8;19,9
A;1;Y;19,348;43,93;1463;21,1;24,2;89,1;25,3
A;2;Y;22,443;51,07;1460;20,2;23,6;98,8;23,8
A;2;X;20,719;47,18;1458;18,8;22,1;91;21,4
A;2;Y;21,69;49,33;1460;19,6;22,7;95,2;23,8
A;1;Y;19,598;44,58;1460;20,5;23,6;89,7;25,3
B;2;Y;23,048;51,57;1460;19,3;24;99,3;24,8
A;1;Y;19,666;44,68;1462;18,6;23,5;89,5;25,3
A;2;Y;22,911;52,19;1458;22;25;101,8;23,8
C;3;Y;27,614;56,1;1464;19,1;23,9;106,8;22,3
A;1;Y;19,356;43,94;1463;24,3;25,2;90;25,3
B;2;X;21,221;47,46;1461;18,9;20,9;90,8;22,4
C;2;Y;24,575;50,09;1460;20,5;23,3;97,1;23,8
A;1;Y;19,336;43,94;1461;20,8;23,1;87,4;25,3
C;1;Y;22,008;44,93;1457;19,4;23,2;89,2;25,3
C;1;Y;22,453;45,72;1461;20,9;24,7;91,6;25,3
B;2;Y;23,171;51,92;1458;20,7;23,6;100,2;24,8
A;1;Y;19,328;43,92;1461;22,6;23,5;88,6;25,3
B;2;X;21,104;47,22;1460;22,5;23,7;93,6;22,4
C;2;X;22,785;46,4;1461;21,7;24,2;93;21,4
A;1;Y;20,139;45,79;1461;20,1;22,7;89,8;25,3
C;2;Y;24,944;50,85;1459;22,7;25;99,9;23,8
C;2;X;22,622;46,01;1463;21,4;23,8;91,1;21,4
A;1;Y;19,829;44,96;1465;21,1;23,2;89,9;25,3
C;3;Y;27,975;56,93;1462;21,1;25;108,4;22,3
C;2;X;23,944;48,75;1461;20,3;23,5;95,1;21,4
C;2;Y;24,573;50,07;1460;19,2;22,4;96,3;23,8
B;2;X;21,299;47,54;1464;21,9;24,1;93,9;22,4
A;1;Y;20,16;45,74;1464;22;23,8;90,9;25,3
A;1;Y;20,357;46,29;1460;21,8;23,2;91,3;25,3
B;2;X;21,824;48,78;1462;21,5;24,7;97;22,4
C;2;Y;20,935;42,68;1459;20,6;24,5;87,4;25,3
C;3;X;25,98;52,83;1463;21,6;23,8;102;19,9
C;3;Y;28,311;57,7;1460;19,8;22,9;107,5;22,3
A;1;Y;19,889;45,09;1465;24;24,2;91,2;25,3
A;2;Y;23,194;52,69;1462;21,4;23,7;101,3;23,8
C;3;X;26,04;53,07;1460;23,1;25,9;103,6;19,9
C;2;X;22,363;45,43;1464;21,8;23,8;90,8;21,4
B;2;X;20,514;45,93;1459;21,7;25,1;92,5;22,4
C;1;Y;22,523;45,88;1461;20,6;21,8;89,1;25,3
C;2;X;23,513;48;1457;21,6;24,3;95,2;21,4
A;1;Y;18,932;42,99;1462;22,5;23,9;87,5;25,3
A;2;X;21,225;48,28;1460;22,5;23,9;94,7;21,4
C;2;Y;25,546;52,08;1459;19,2;22,7;99,6;23,8
C;3;X;25,85;52,64;1461;20,8;23,7;101,5;19,9
A;1;Y;19,756;44,91;1461;21,7;23,8;89,4;25,3
C;3;Y;27,749;56,49;1461;22,3;22,8;105,6;22,3
C;2;X;22,63;46,07;1461;19;21,9;90,2;21,4
A;1;Y;19,159;43,64;1458;22,2;24,2;88,6;25,3
B;2;Y;23,117;51,61;1463;22,5;25;100,5;24,8
B;2;Y;23,121;51,64;1463;20,7;23,3;99,8;24,8
A;2;Y;22,404;50,81;1464;21,1;23,8;99,2;23,8
B;2;X;20,726;46,2;1465;23,1;25,3;93,1;22,4
B;2;Y;23,181;51,78;1462;23;23,4;99,8;24,8
C;1;Y;21,587;43,94;1461;19,3;22,9;87,4;25,3
B;2;Y;22,215;49,67;1461;18;21,6;95;24,8
C;2;X;21,593;44,03;1459;21,6;24,2;88,8;21,4
A;1;Y;20,253;46,06;1460;20,5;23,1;91,2;25,3
C;3;X;26,265;53,46;1462;20;23,3;101,9;19,9
B;2;X;20,621;46,16;1459;21,4;24,1;91,7;22,4
A;2;Y;22,512;51,13;1462;22,8;23,6;98,7;23,8
A;1;Y;19,7;44,79;1461;20,3;22,9;89,1;25,3
B;2;X;21,084;47,13;1461;22;24,4;93,9;22,4
A;1;Y;20,21;45,85;1464;22,8;25,2;93;25,3
A;2;Y;22,677;51,57;1460;19,9;23,6;99;23,8
B;2;X;21,107;47,2;1461;21,7;24;93,1;22,4
A;1;Y;19,23;43,79;1458;20,5;23,7;87,9;25,3
C;2;X;24,119;49,01;1464;21,3;23,8;96;21,4
C;3;X;26,177;53,39;1459;21,2;23,7;101,9;19,9
C;3;X;26,214;53,45;1459;22;24,8;103,3;19,9
A;1;Y;20,131;45,78;1460;20,2;23,1;90,9;25,3
A;1;Y;19,898;45,1;1465;21,1;23;89,4;25,3
C;2;X;22,632;46,08;1461;21,2;24,4;92,3;21,4
C;2;Y;24,832;50,55;1462;22,4;25,9;100,7;23,8
A;1;Y;19,955;45,45;1458;21,9;24,1;91,1;25,3
C;2;X;23,491;47,84;1461;20;22,5;92,7;21,4
B;2;Y;22,514;50,37;1460;19,1;22,2;95,8;24,8
C;2;X;23,636;48,02;1464;21,9;23,8;94,9;21,4
C;1;Y;22,037;44,9;1460;23,1;24,7;90,4;25,3
C;2;X;23,624;48,02;1464;23,4;25,1;96,2;21,4
A;2;X;20,642;46,9;1462;23,2;24,5;93,6;21,4
A;2;X;20,841;47,48;1458;19,5;22,9;92,9;21,4
C;2;Y;24,875;50,68;1460;20,1;23,9;98,7;23,8
B;2;X;21,378;47,76;1462;19,9;22,6;92,9;22,4
B;2;X;22,213;49,74;1459;21,6;22,8;95,7;22,4
C;2;X;23,615;48,17;1458;21,2;23,7;94,7;21,4
C;2;Y;24,902;50,67;1462;19,8;22,5;97,2;23,8
C;1;Y;22,336;45,52;1460;23,3;24,1;91,3;25,3
B;2;X;21,39;47,8;1462;21,9;23,9;94,3;22,4
C;3;X;25,544;52,01;1461;21,3;24,7;101,6;19,9
C;1;Y;22,599;46,08;1459;18,4;22,2;90;25,3
C;2;Y;24,402;49,65;1462;22,1;23,5;96,6;23,8
C;1;Y;21,877;44,44;1464;22,5;24,5;90,1;25,3
C;1;Y;22,102;44,98;1462;18,4;23,3;89,3;25,3
A;1;Y;19,517;44,42;1459;21,3;23,4;88,9;25,3
C;3;X;26,334;53,6;1462;22,5;25,5;104,2;19,9
A;2;X;20,59;46,86;1459;20,3;22,6;91,1;21,4
A;1;Y;20,081;45,59;1463;21,4;23,5;90,8;25,3
A;2;X;20,592;46,82;1461;22,7;23,7;92,7;21,4
A;2;X;20,336;46,24;1460;20,4;23,2;91,7;21,4
A;2;Y;22,607;51,4;1461;23,4;26,5;102,2;23,8
A;2;Y;23,001;52,23;1462;21,9;23,1;100,1;23,8
B;2;X;20,58;46,03;1461;20,6;22,5;90;22,4
A;1;Y;19,276;43,87;1459;23,7;25,1;90;25,3
A;1;Y;19,888;45,22;1460;21,9;24,7;91,2;25,3
A;1;Y;20,315;46,19;1461;22,5;26,1;93,9;25,3
A;1;Y;19,371;44,07;1460;21;24,4;88,8;25,3
C;3;X;25,817;52,66;1459;24,5;25,1;102,2;19,9
A;2;Y;22,961;52,14;1462;20,7;23,3;100,2;23,8
C;3;Y;27,938;56,77;1464;18,5;24,2;107,5;22,3
A;2;Y;22,398;51;1459;19,9;23,2;98,2;23,8
B;2;X;20,856;46,55;1464;21,7;24,6;92,9;22,4
C;3;Y;28,625;58,43;1457;20,1;23,4;109;22,3
A;2;Y;22,078;50,31;1457;21,5;23,8;97,7;23,8
B;2;X;20,823;46,68;1457;17,9;21,6;89,9;22,4
B;2;X;20,815;46,56;1460;20,7;23,3;92;22,4
A;2;Y;22,897;52,15;1458;21;24,2;100,8;23,8
C;2;X;23,281;47,44;1460;19;23,1;92,6;21,4
C;2;X;22,347;45,56;1459;19,4;23,2;90,1;21,4
C;3;X;26,03;53;1461;18,4;22,2;100;19,9
A;1;Y;19,089;43,41;1460;20,1;22,7;87;25,3
A;2;Y;22,372;50,83;1462;20,3;23,3;98,1;23,8
C;1;Y;21,687;44,2;1460;20,3;22,7;87,9;25,3
A;1;Y;19,63;44,57;1462;21,5;25,3;90,7;25,3
A;2;Y;22,444;50,96;1463;19,2;22,8;97,5;23,8
A;1;Y;20,486;46,51;1463;22;23,8;91,9;25,3
C;3;Y;28,754;58,56;1461;22,4;25,3;111,5;22,3
C;1;Y;21,55;43,86;1462;20,3;23,9;88,3;25,3
A;2;X;21,531;48,88;1463;22,4;23,4;95,4;21,4
C;3;X;27,056;55,14;1460;21,7;24,1;105,6;19,9
A;1;Y;19,565;44,57;1458;21,9;24,3;89,6;25,3
C;3;X;25,728;52,35;1462;20;22,5;99,1;19,9
C;2;X;22,696;46,24;1460;20,6;23,4;91,8;21,4
C;3;X;25,918;52,8;1460;19,3;24,2;101,8;19,9
A;1;Y;19,084;43,31;1463;19,6;22,1;85,7;25,3
C;2;X;23,369;47,48;1464;20,6;23,3;93,3;21,4
A;2;X;20,992;47,63;1464;21,9;24;94,4;21,4
A;2;Y;22,299;50,61;1463;19,8;22,6;97,6;23,8
A;1;Y;19,517;44,28;1464;19,5;22,6;88,2;25,3
C;3;X;26,005;52,88;1463;20,4;22,4;100,2;19,9
C;3;X;26,258;53,59;1458;20,2;23,5;101,8;19,9
A;2;X;21,041;47,91;1459;20,5;23;93,2;21,4
A;2;X;21,445;48,79;1460;23,9;25,4;97,4;21,4
B;2;X;21,117;47,14;1463;22,5;24,4;93,9;22,4
C;3;X;25,969;52,82;1463;20,7;24,1;101,4;19,9
C;1;Y;21,87;44,6;1459;19,6;22,3;88,1;25,3
C;2;Y;25,422;51,71;1463;21,2;23,3;99,2;23,8
A;2;X;20,43;46,5;1459;23,2;24,5;93,1;21,4
A;1;Y;19,221;43,69;1461;21,9;23,8;88,6;25,3
B;2;Y;22,931;51,32;1460;22,4;24,3;99,7;24,8
B;2;X;20,371;45,57;1460;19,8;23,8;90,6;22,4
C;3;X;25,895;52,7;1462;20,2;22;99,9;19,9
C;3;X;25,831;52,6;1461;24;26,7;104,3;19,9
A;1;Y;20,286;46,21;1458;19,5;22,9;90,6;25,3
C;2;Y;23,836;48,61;1459;20,5;23,8;95,3;23,8
C;3;X;25,553;52,1;1459;18,3;23,5;99,7;19,9
C;3;X;25,7;52,28;1462;22,8;25,5;102,4;19,9
C;1;Y;21,557;43,93;1460;19,8;24,2;88,7;25,3
A;2;X;21,114;47,97;1462;21,2;23,4;93,9;21,4
C;2;X;23,532;47,89;1462;18,6;21,6;92,2;21,4
A;2;X;19,591;44,58;1459;19;23,1;89,1;21,4
A;2;X;20,474;46,54;1461;22;25,4;94,1;21,4
A;2;Y;22,077;50,19;1461;20,2;23,9;97,6;23,8
A;2;X;19,943;45,31;1462;22,2;25,3;92,2;21,4
B;2;Y;23,159;51,75;1462;21,4;24,6;100,4;24,8
A;2;X;20,466;46,51;1461;20,9;23,4;91,5;21,4
C;3;X;26,044;52,92;1464;19,1;24;102,2;19,9
C;3;X;25,614;52,31;1457;20,2;24,6;101,5;19,9
C;3;X;25,372;51,59;1463;20,4;24,7;100,2;19,9
A;2;X;21,22;48,23;1461;21,6;24,1;95,2;21,4
A;2;X;21,031;47,8;1461;20;23,8;93,8;21,4
C;3;X;24,898;50,64;1463;19,7;24,3;98,7;19,9
C;3;X;26,442;53,83;1461;20,4;23,7;102,6;19,9
B;2;Y;23,192;51,88;1460;21,3;24,7;101,2;24,8
C;2;X;23,257;47,39;1460;21,5;24,1;93,4;21,4
C;1;Y;21,537;43,77;1464;23,3;24,3;89,3;25,3
C;2;Y;24,395;49,67;1461;21,1;23,3;96,8;23,8
C;3;X;25,649;52,32;1458;21,6;25,6;102,5;19,9
C;2;Y;25,515;51,99;1460;20,5;24,6;100,7;23,8
A;1;Y;19,831;45,15;1458;22;24,6;91,2;25,3
B;2;Y;22,371;49,98;1462;19,1;23,7;97,6;24,8
A;2;Y;23,311;52,94;1462;21,2;24;102,1;23,8
B;2;Y;23,279;52,05;1461;20,5;23;99,7;24,8
A;2;Y;22,667;51,57;1460;19,1;22,3;98,2;23,8
C;1;Y;21,294;43,37;1461;21,9;23,5;87,6;25,3
B;2;X;20,413;45,69;1459;20,5;24,8;91,7;22,4
A;2;X;20,821;47,33;1461;20,5;23,2;93,1;21,4
B;2;Y;22,053;49,41;1458;20,3;23,6;96,5;24,8
A;1;Y;19,174;43,63;1459;22;23,8;87,5;25,3
B;2;X;21,502;48,03;1462;21,4;24,4;95,5;22,4
C;2;X;23,053;46,89;1463;20,5;24,1;93,1;21,4
C;2;X;23,333;47,55;1460;21,9;23,4;93,5;21,4
C;2;Y;25,561;52,13;1459;21,4;23,5;100,3;23,8
B;2;Y;23,306;52,01;1464;22,7;24,2;100,4;24,8
C;2;X;23,63;48,14;1460;19,6;23,3;94,5;21,4
C;3;X;25,261;51,43;1461;19,1;22,8;98,7;19,9
A;1;Y;19,878;45,14;1462;19,8;22,3;88,4;25,3
A;1;Y;19,844;45,17;1459;22,6;24,6;90,9;25,3
B;2;X;21,742;48,55;1463;21,7;23,7;95,3;22,4
A;1;Y;20,009;45,53;1459;21,3;23,4;90,7;25,3
B;2;X;20,464;45,73;1462;20,9;23,9;91,7;22,4
C;2;X;22,735;46,3;1461;21,8;26;94,3;21,4
B;2;X;20,516;46,01;1457;20,1;24,2;91,5;22,4
C;1;Y;22,138;45,17;1458;21,2;25,1;91,1;25,3
C;2;Y;24,829;50,45;1464;19,8;24;98,4;23,8
A;1;Y;19,46;44,23;1461;21,4;23,5;88,5;25,3
A;1;Y;19,296;43,86;1461;21,6;23,4;88,4;25,3
A;1;Y;19,523;44,3;1464;22,8;24,9;90,2;25,3
C;2;X;22,59;46;1461;20,3;23,6;91,6;21,4
A;1;Y;19,402;44,03;1463;22,3;23,4;88,8;25,3
C;2;X;23,347;47,69;1457;21,2;24,2;94,5;21,4
A;2;X;20,956;47,61;1462;23,6;25,2;95,8;21,4
B;2;X;21,151;47,28;1461;22,5;24,4;94,1;22,4
A;1;Y;20,441;46,57;1458;21,1;23,9;92,6;25,3
A;2;X;20,879;47,46;1461;20,2;23,6;93,1;21,4
A;1;Y;18,728;42,47;1464;18,2;22;85;25,3
A;1;Y;19,625;44,59;1462;22,5;24,8;90,5;25,3
A;1;Y;19,93;45,26;1462;19;22,5;89,2;25,3
A;1;Y;20,021;45,52;1461;20,8;22,1;89,1;25,3
C;2;X;23,782;48,46;1460;18,1;21,1;92,1;21,4
C;3;Z;25,87;52,68;1461;19,2;22,5;100,1;19,9
C;3;X;26,221;53,37;1462;22,9;24,2;102,4;19,9
B;2;Y;22,048;49,38;1459;19,1;23,3;96,1;24,8
A;2;X;20,634;46,78;1465;21,7;23,4;91,9;21,4
C;3;Y;27,742;56,52;1460;19,9;22,8;105,4;22,3
C;2;X;23,436;47,81;1458;18,9;22,8;93;21,4
C;3;X;25,823;52,66;1459;19,1;24,7;101,9;19,9
C;2;Y;25,014;50,91;1462;21,7;24,1;98,8;23,8
A;2;X;21,172;47,99;1465;19,3;24,2;94,9;21,4
C;3;X;26,333;53,59;1462;23,5;25,8;104,3;19,9
C;2;Y;25,506;52,01;1459;22,6;27,3;103,3;23,8
B;2;Y;23,232;52,09;1457;21,9;23,6;99,8;24,8
C;3;Y;27,927;56,89;1460;20,6;22,9;106,6;22,3
C;1;Y;21,265;43,37;1459;19,8;23;86,7;25,3
A;1;Y;19,09;43,45;1459;20,7;23,6;87,4;25,3
A;1;Y;19,67;44,73;1460;20,2;24,4;90,3;25,3
A;1;Y;20,198;45,96;1459;19,2;23,2;90,9;25,3
B;2;X;21,452;47,81;1466;21,7;23,8;94,6;22,4
C;3;X;26,105;53,06;1464;20,2;24,1;102,3;19,9
C;3;X;25,953;52,76;1463;20,5;23,6;101,7;19,9
A;1;Y;18,979;43,14;1461;21,5;24,5;88,1;25,3
C;1;Y;21,539;43,81;1463;22;22,8;87,8;25,3
A;2;X;20,825;47,38;1460;19,9;23;92,6;21,4
C;2;Y;25,344;51,64;1460;19,8;24,4;100,3;23,8
C;2;Y;25,143;51,18;1461;22;24,7;100;23,8
A;1;Y;19,12;43,58;1457;20,7;22,9;87,4;25,3
C;3;X;26,164;53,32;1460;21,6;24,4;102,9;19,9
B;2;X;20,66;46,28;1458;19,4;21,8;89,9;22,4
C;3;X;26,118;53,16;1462;20,4;22,7;101,1;19,9
A;2;Y;22,831;51,93;1460;19,6;23,7;100,4;23,8
C;3;X;25,586;51,97;1465;22,4;23,6;99,9;19,9
B;2;X;20,957;46,82;1462;20,6;25,1;94,1;22,4
A;1;Y;19,691;44,83;1459;19,3;23,3;88,7;25,3
A;2;X;20,82;47,39;1459;21,1;23,4;92,7;21,4
A;2;Y;21,659;49,21;1462;19,9;23,8;95,7;23,8
C;3;X;25,976;52,91;1461;24,1;25,6;103,5;19,9
A;1;Y;19,771;44,96;1460;20,3;22,8;89,3;25,3
A;1;Y;19,703;44,71;1463;19,5;24;89,6;25,3
A;1;Y;19,818;45,07;1460;20;21,7;88,5;25,3
C;2;X;22,597;46,04;1460;18,3;21,9;89,7;21,4
B;2;X;20,408;45,68;1460;18,3;23,2;90,5;22,4
A;2;Y;22,75;51,62;1464;19,7;24,3;100,6;23,8
A;1;Y;19,639;44,69;1459;21,6;24,8;90,6;25,3
A;2;Y;22,326;50,78;1460;19,5;21;96,1;23,8
A;2;Y;22,729;51,6;1463;22;22,9;99,2;23,8
A;1;Y;18,793;42,71;1461;22;24;86,8;25,3
B;2;X;21,625;48,31;1462;21,6;24,9;96,3;22,4
C;2;X;23,29;47,44;1460;21;25,3;95,4;21,4
A;2;Y;21,952;49,93;1460;21,4;23,4;97,1;23,8
A;2;X;20,814;47,32;1461;20,2;25,4;94,9;21,4
A;2;Y;23,428;53,25;1461;21,1;23,6;101,5;23,8
A;1;Y;19,377;43,96;1464;20,1;24,2;89,1;25,3
C;3;X;25,882;52,77;1459;20,6;23;101;19,9
C;3;X;25,54;52,07;1459;22,5;25,3;102,1;19,9
C;2;X;22,211;45,31;1458;20,4;22,7;89;21,4
A;1;Y;19,577;44,41;1464;20,2;23;88,9;25,3
B;2;Y;22,537;50,45;1459;22,5;23,9;97,6;24,8
B;2;X;20,605;45,97;1464;21;24;92,1;22,4
C;2;X;23,146;47,14;1461;20,6;24,1;93,7;21,4
A;1;Y;20,109;45,69;1462;21,8;24;91;25,3
A;2;X;21,03;47,75;1462;23,2;26,1;96,2;21,4
C;1;Y;21,894;44,57;1461;20,6;22,9;88,5;25,3
A;1;Y;19,723;44,65;1467;21,7;23,4;89,3;25,3
C;3;X;25,693;52,34;1460;21,4;24,8;102,1;19,9
A;1;Y;19,632;44,65;1460;20;21,4;87,4;25,3
A;1;Y;19,888;45,24;1460;17,9;21,6;87,9;25,3
C;1;Y;21,476;43,75;1461;19,2;22,3;87;25,3
C;3;X;25,627;52,22;1460;18,5;23,8;100,2;19,9
A;1;Y;19,825;44,99;1463;20,3;23,9;90;25,3
C;2;Y;25,599;52,13;1461;20,3;22,6;98,9;23,8
A;1;Y;19,507;44,45;1457;22,5;25,3;90,7;25,3
C;3;X;26,193;53,39;1460;21;25,6;104,2;19,9
B;2;X;20,884;46,66;1462;21,4;23,1;91,4;22,4
C;2;X;23,832;48,5;1462;23,3;25,4;97,2;21,4
C;3;X;25,798;52,57;1460;20,3;24,4;101,7;19,9
B;2;Y;23,333;52,25;1459;20,3;23,9;100,1;24,8
C;2;Y;25,085;51,15;1459;21,1;24,3;99,4;23,8
C;2;Y;24,529;49,95;1461;19,6;24,8;97,9;23,8
A;2;Y;22,534;51,22;1461;20,5;23,3;98,6;23,8
C;3;X;25,985;52,95;1460;22,4;24,9;102,6;19,9
B;2;Y;22,857;51,14;1460;22,1;25,6;100,9;24,8
C;1;Y;22,111;45,02;1461;19,8;23,4;89,6;25,3
A;1;Y;20,283;46,11;1461;19,3;23,3;91;25,3
C;2;X;23,275;47,4;1461;22,2;25,2;94,7;21,4
B;2;X;20,744;46,39;1461;23,4;24;92,2;22,4
C;1;Y;21,798;44,4;1461;23,2;25;90,5;25,3
B;2;X;20,915;46,78;1460;21,4;23,9;92,7;22,4
A;1;Y;19,739;44,94;1459;23,3;25;91,4;25,3
C;3;X;26,973;54,85;1463;20,7;25;105,4;19,9
C;3;X;27,154;55,34;1460;20,7;22,8;104,4;19,9
C;3;X;25,911;52,78;1461;21;24,7;102,7;19,9
C;3;X;25,668;52,39;1458;21,8;23,6;100,4;19,9
C;3;X;26,334;53,63;1461;20,6;25,1;103,7;19,9
B;2;X;21,268;47,52;1462;19,8;22,3;91,8;22,4
C;NaN;Y;25,147;51,28;1459;21,5;24,4;100;23,8
C;3;Y;28,302;57,77;1458;19,5;23,5;108,5;22,3
A;1;Y;20,237;46,05;1460;23,2;23,9;91,9;25,3
C;2;Y;25,469;51,92;1459;20,7;24,6;101;23,8
C;3;X;26,044;53,03;1461;20,7;25;103,2;19,9
C;3;Y;27,885;56,83;1460;20;23,5;107,5;22,3
B;2;Y;23,554;52,61;1463;18,4;22,4;99,8;24,8
C;3;X;25,728;52,42;1460;21,6;24,5;101,8;19,9
A;2;X;20,452;46,38;1464;22;23,3;91,4;21,4
C;3;X;25,852;52,78;1457;21;23,2;100,7;19,9
B;2;X;20,921;46,78;1461;22,6;24,4;93,1;22,4
C;3;Y;28,313;57,59;1463;22,1;25,3;110,4;22,3
C;1;Y;22,671;46,13;1462;20,1;24;91,9;25,3
A;1;Y;18,768;42,59;1463;21,3;23,5;86,7;25,3
C;2;Y;24,996;50,83;1463;21,4;25,7;100,5;23,8
A;1;Y;20,381;46,29;1462;20,5;23,3;91,2;25,3
C;1;Y;20,988;42,72;1462;20,9;22,4;84,9;25,3
A;1;Y;19,747;44,87;1462;21,3;22,1;88,6;25,3
A;1;Y;19,447;44,25;1459;21,6;23,7;89;25,3
A;1;Y;19,903;45,12;1465;22,1;23,4;90,3;25,3
B;2;X;21,65;48,48;1459;21,8;24,7;95,6;22,4
A;2;X;21,015;47,8;1460;21,9;23;93,4;21,4
C;1;Y;21,969;44,69;1462;20,9;23,3;89,4;25,3
C;3;X;25,414;51,78;1460;19;23,4;99,7;19,9
B;2;X;22,046;49,21;1463;21,4;22,9;95;22,4
C;3;X;25,92;52,72;1463;18,7;23;101,1;19,9
A;1;Y;19,18;43,51;1464;20,3;22,2;86,1;25,3
A;2;Y;22,065;50,22;1459;20,6;24,4;98;23,8
B;2;Y;22,355;49,99;1461;22,7;24,3;98,1;24,8
C;1;Y;21,348;43,5;1460;19,5;22,8;86,5;25,3
B;2;X;20,741;46,47;1458;18,9;22,4;90,6;22,4
C;2;X;22,614;46,07;1460;21,4;24,5;91,8;21,4
B;2;X;21,231;47,51;1460;22,7;25,7;96;22,4
A;2;Y;22,733;51,79;1458;20;22,4;98,2;23,8
A;1;Y;19,442;44,16;1462;20,8;22,2;87,5;25,3
A;2;X;19,886;45,2;1461;22,8;24,5;90,7;21,4
C;2;X;23,364;47,58;1461;19;23,1;93,5;21,4
A;1;Y;20,371;46,27;1462;17,9;21,8;90,4;25,3
C;3;X;26,469;54,04;1457;20,4;23,5;102,8;19,9
C;3;Y;29,114;59,25;1462;18,7;23,4;110,6;22,3
C;1;Y;22,018;44,91;1458;26;26,1;92;25,3
B;2;X;20,87;46,64;1462;20,1;23,2;91,8;22,4
A;1;Y;19,656;44,64;1462;21,1;23,1;88,4;25,3
A;2;X;20,468;46,45;1463;23,1;23;91,9;21,4
C;1;Y;22,06;44,84;1464;21,3;23,4;89,7;25,3
A;1;Y;19,458;44,26;1460;24,2;24,3;89,8;25,3
C;1;Y;21,845;44,44;1462;17,6;22,5;88,1;25,3
A;2;Y;22,777;51,79;1460;20,3;24;100,4;23,8
A;1;Y;19,858;45,1;1462;21,5;23,8;90,5;25,3
A;1;Y;20,242;46,05;1460;19,2;22,7;90,9;25,3
B;2;X;21,585;48,34;1459;21,3;24,1;94,6;22,4
C;2;X;23,365;47,62;1460;22,9;26,1;96,5;21,4
A;2;Y;22,168;50,32;1463;22,2;25,3;99,3;23,8
C;3;X;26,21;53,37;1461;21,1;24,1;102,9;19,9
C;1;Y;21,621;44,05;1460;23,3;25,2;89,7;25,3
A;1;Y;19,714;44,77;1462;24;27,4;93,3;25,3
A;2;Y;22,029;50,02;1463;18,5;21,4;95,3;23,8
C;3;X;26,185;53,27;1462;21,8;23,8;102,2;19,9
C;3;X;26,535;54,02;1461;22,5;23,7;103,2;19,9
A;1;Y;18,703;42,53;1461;22,5;23,9;86,2;25,3
A;1;Y;19,94;45,29;1462;24,5;26,1;92,7;25,3
C;1;Y;22,437;45,63;1463;20,5;22,5;90;25,3
B;2;X;20,811;46,5;1462;22,8;24,4;92,7;22,4
A;2;X;20,05;45,6;1460;21,2;23,4;90,9;21,4
B;2;X;20,706;46,38;1458;22,3;22,7;90,6;22,4
A;1;Y;19,492;44,28;1462;20,1;23;88,6;25,3
A;1;Y;19,379;44,03;1462;18,4;22,8;87,9;25,3
C;1;Y;22,569;45,94;1462;18,6;22,5;89,8;25,3
A;1;Y;19,238;43,76;1460;21,7;22,5;86,6;25,3
B;2;Y;22,288;49,87;1460;19,9;23,4;96,2;24,8
A;1;Y;19,722;44,86;1460;22,5;24,1;90,2;25,3
C;3;X;25,672;52,37;1459;20,3;21,6;98,9;19,9
A;2;Y;22,605;51,4;1460;19,7;23,9;99,7;23,8
A;2;X;20,877;47,5;1460;21,2;24,2;93,9;21,4
C;2;Y;25,745;52,4;1462;22,7;25,3;102,8;23,8
A;2;X;20,684;47,02;1461;22,3;24,8;94,2;21,4
B;2;Y;22,746;50,89;1460;20,8;23,5;98,3;24,8
C;2;X;23,455;47,85;1458;19,7;23,3;93,6;21,4
A;1;Y;19,131;43,54;1459;23,2;24,6;88,8;25,3
C;1;Y;20,819;42,5;1457;19,9;23,5;85,6;25,3
C;2;X;22,562;45,89;1463;20,3;23,9;91,6;21,4
A;2;X;20,079;45,65;1461;21,6;23,8;90,8;21,4
C;2;Y;29,328;59,86;1458;20,9;25,2;112,8;22,3
B;2;Y;23,233;52,06;1458;20,4;23,3;99,3;24,8
C;3;X;25,59;52,23;1458;21,5;23,5;99,9;19,9
A;1;Y;19,917;45,36;1458;22,6;23,9;90,1;25,3
B;2;Y;23,027;51,49;1461;20;23,5;98,9;24,8
A;2;X;20,191;45,83;1463;20,1;23,7;91,4;21,4
B;2;Y;23,507;52,58;1460;20,5;23,8;100,6;24,8
B;2;Y;22,727;50,81;1461;20,4;22,6;97,3;24,8
C;2;Y;24,976;50,87;1461;18,5;23,2;98,3;23,8
A;2;X;20,378;46,4;1458;20,6;23,5;91,5;21,4
A;2;X;21,199;48,13;1463;23,5;24,9;95,5;21,4
C;3;X;26,393;53,52;1467;20,8;25,4;104;19,9
A;2;Y;21,807;49,52;1463;21,6;24,2;97;23,8
C;3;X;25,795;52,44;1463;23;25,8;102,9;19,9
B;2;X;20,57;46;1461;18,6;22,5;89,8;22,4
C;2;X;22,801;46,49;1459;20,6;23,2;91,9;21,4
B;2;X;21,116;47,2;1461;20,3;23,3;92,4;22,4
C;3;Y;28,085;57,36;1457;20,6;24,5;108,1;22,3
A;1;Y;19,884;45,21;1461;21,1;24,1;90,8;25,3
B;2;X;20,514;45,86;1461;21,5;24,2;91,9;22,4
C;1;Y;21,546;43,9;1460;22,1;23,9;88,9;25,3
A;1;Y;19,941;45,34;1461;19,9;23,2;90,2;25,3
C;2;X;23,12;47,06;1461;21,2;23,1;92,7;21,4
C;1;Y;22,587;45,89;1464;21,1;23,8;91,8;25,3
C;2;Y;26,122;53,06;1465;21,6;23,1;101,4;23,8
C;3;X;26,582;54,2;1459;21,8;23,8;103,5;19,9
A;1;Y;19,685;44,74;1461;20,4;23,3;88,8;25,3
A;1;Y;19,367;44,08;1459;19,4;22,5;87,7;25,3
C;3;X;25,797;52,5;1462;20,3;23,7;100,6;19,9
C;2;X;23,041;46,85;1463;20,5;24;92,9;21,4
A;1;Y;19,568;44,49;1461;20,1;24,6;90,2;25,3
A;2;X;20,809;47,24;1463;20,5;22,7;91,9;21,4
A;1;Y;20,079;45,49;1466;21,9;23,8;91,1;25,3
C;3;X;25,727;52,4;1461;21,2;25,3;102,4;19,9
C;1;Y;21,753;44,27;1462;20,2;23,7;88,5;25,3
C;2;X;22,963;46,71;1463;21,4;23,9;92,9;21,4
B;2;Y;22,434;50,18;1461;21,5;23,8;97,3;24,8
C;3;Y;26,914;54,76;1462;22,2;24,8;105,2;22,3
B;2;X;20,649;46,26;1458;22,1;23,4;91,4;22,4
B;2;Y;23,21;51,94;1460;25,3;25,2;101,7;24,8
C;2;Y;25,016;50,98;1460;19,9;23,9;99,3;23,8
B;2;Y;22,719;50,9;1458;21;24,2;98,5;24,8
B;2;Y;21,887;49,06;1457;19,7;23,3;95,7;24,8
C;3;X;26,46;53,89;1461;21,9;24,8;103,8;19,9
C;3;X;26,513;54,04;1460;22,2;24,9;104,2;19,9
C;2;Y;24,719;50,38;1460;20,7;25,5;99,8;23,8
A;2;Y;21,911;49,72;1463;21,5;24,3;98;23,8
C;3;X;25,316;51,65;1458;21,5;25,7;101,2;19,9
C;3;X;27,259;55,63;1458;20;23,7;105;19,9
C;3;Y;28,395;57,92;1459;21,8;22,6;107,2;22,3
A;1;Y;18,221;41,43;1460;21;22,1;82,9;25,3
B;2;X;21,415;47,75;1465;21,5;23,3;94;22,4
A;2;Y;22,339;50,77;1461;23;22,5;97,3;23,8
C;3;X;26,686;54,41;1459;20,7;24,3;104,1;19,9
A;1;Y;19,262;43,63;1466;20,7;22,6;87,2;25,3
C;3;X;26,574;54,02;1464;17,6;22,6;102;19,9
B;2;Y;22,775;50,92;1461;22,2;24,8;99,9;24,8
A;1;Y;19,124;43,53;1459;20,6;23,4;87,1;25,3
B;2;Y;22,553;50,44;1461;18,4;23,1;97,5;24,8
A;2;X;20,708;46,97;1464;18,5;22,2;91,1;21,4
C;3;X;26,365;53,64;1462;20,2;24,4;103,5;19,9
C;2;Y;25,129;51,13;1462;21,1;24,8;100;23,8
C;2;Y;26,021;52,97;1461;20;23;101,2;23,8
A;1;Y;19,577;44,5;1461;20;22,4;88;25,3
A;2;Y;23,182;52,72;1460;20,7;23,6;101,4;23,8
A;1;Y;19,465;44,25;1461;21,9;23,9;89,4;25,3
C;2;X;22,79;46,44;1460;21;24,4;92,8;21,4
C;2;Y;24,661;50,31;1458;20,8;24,1;97,9;23,8
A;2;X;20,171;45,87;1460;22,8;25,7;93,6;21,4
A;1;Y;19,776;45,01;1459;22,5;23,8;90;25,3
C;3;Y;27,527;56,12;1459;24,6;25,9;108,1;22,3
A;2;X;20,22;46,07;1458;20,5;22,8;90,7;21,4
A;2;Y;22,592;51,35;1461;21,1;23,7;99,1;23,8
A;2;X;20,368;46,41;1457;20,9;24,6;92,4;21,4
B;2;X;21,115;47,15;1463;21,5;24,2;93,7;22,4
C;2;X;22,388;45,59;1461;22,5;24,9;91,8;21,4
A;2;Y;22,689;51,63;1459;21,1;23,1;98,8;23,8
A;1;Y;20,194;45,92;1461;20,8;23,8;91,3;25,3
B;2;Y;22,176;49,51;1463;21,2;23,2;96,5;24,8
C;3;X;26,479;53,93;1461;22;24,7;104;19,9
A;1;Y;18,909;43,01;1460;22,2;23;86,4;25,3
A;1;Y;19,475;44,26;1461;20,2;22,9;88,2;25,3
A;2;X;21,009;47,72;1462;22,8;24,5;95;21,4
A;1;Y;20,463;46,57;1459;19,8;23,1;91,1;25,3
A;2;X;20,66;46,89;1463;22,4;25,1;93,9;21,4
A;1;Y;20,102;45,75;1459;20,7;21,5;89,2;25,3
A;1;Y;19,615;44,62;1460;21,9;24,9;90,4;25,3
C;2;Y;24,514;49,91;1461;18,7;23,5;96,7;23,8
C;3;X;26,335;53,67;1460;22,7;24,1;102,8;19,9
C;3;X;25,549;51,9;1465;20,6;22,9;99,5;19,9
A;2;Y;23,02;52,5;1456;20,1;25;102;23,8
C;3;X;27,104;55,19;1461;20,7;23,4;104,2;19,9
B;2;Y;22,472;50,24;1461;20,6;23,9;97,5;24,8
A;1;Y;20,123;45,67;1463;21,3;22,6;90;25,3
C;2;X;23,154;47,19;1460;20,6;24,5;93,8;21,4
B;2;Y;22,347;49,99;1460;19,6;23,8;97,5;24,8
C;2;X;23,761;48,43;1460;19,6;22,8;94;21,4
C;2;X;21,879;44,58;1460;20,8;22,6;88,3;21,4
C;3;Y;28,423;57,85;1462;20,5;25,3;110,8;22,3
A;1;Y;19,404;44,1;1461;21,4;23,4;88,8;25,3
